entity_code,avg_longitude,avg_latitude
2491E,4.3783087473555442,52.069052749395361
2571V,4.2891231111551154,52.070427006374423
2582H,4.277123128301878,52.096602145139158
2573G,4.286990047163461,52.064168775563815
2541R,4.2809993222090332,52.043034198991741
2585S,4.29965745028815,52.090771438049529
2544B,4.2671670412046137,52.051516233431308
2292J,4.2987591309102759,52.015274080103779
2591D,4.3659838464519432,52.0955401845543
2561X,4.2792871219649573,52.078123824787255
2512W,4.3022484882306617,52.0747763111969
2562N,4.2850790102679861,52.072498079481228
2595D,4.3258425434053738,52.08179052778425
2274L,4.3533141628793857,52.075962350746927
2511X,4.3215708101764214,52.077288992684281
2564P,4.2594325068976042,52.064997918180595
2548W,4.3012425150286315,52.022154652229268
2291S,4.2719691922753134,52.023612180961614
2284C,4.3152501734501412,52.039179103208113
2582J,4.2743713923429887,52.09526708004131
2525N,4.3113855239072363,52.064241725628456
2548D,4.3013603143961641,52.018845685056121
2282M,4.3349491416331736,52.050061322499246
2585J,4.2930793642953189,52.097227554946443
2518V,4.2920714212456392,52.0813845216333
2562B,4.2754950793715878,52.08045098425449
2582B,4.2772839420368269,52.094075119859035
2565T,4.2595427136883677,52.075401878913084
2275C,4.3523290824240908,52.061953764460689
2595B,4.3338673498357227,52.080747632292393
2585B,4.29947159150363,52.088716684400225
2264T,4.3900267788637048,52.08796811092818
2274V,4.3513191563636706,52.072582818577068
2532V,4.2946583579696558,52.045156857504722
2566H,4.2704109967071178,52.086804438111407
2517H,4.2806609714322121,52.086098503971883
2282J,4.33916871084245,52.04887086298681
2524S,4.3108841865089875,52.053726132408229
2284G,4.3146682846954123,52.041959043069866
2561D,4.2718836350202221,52.076329104856292
2282H,4.3344107389042792,52.04826373960254
2285E,4.3064932859553844,52.036023473001705
2562L,4.2860141239077549,52.074359526718581
2543C,4.2564144860879827,52.0384393211622
2291V,4.2780030587244582,52.022341495520884
2597K,4.3069156124398633,52.105175360861494
2271E,4.373071826743204,52.072313713899653
2531T,4.3016989170971813,52.053651368244239
2551V,4.2468799660884677,52.058048430049624
2521T,4.3149288322849166,52.058961599814005
2285C,4.3061756464277723,52.0389610233467
2562K,4.2844699755113069,52.075640530411121
2282E,4.3375101059540677,52.052210273440608
2548X,4.3031720249001406,52.017602811130295
2286P,4.3081930210125536,52.029792270736429
2532S,4.2988732063621509,52.048705722026035
2272T,4.3724229865957263,52.09021585734817
2593W,4.3466983702368474,52.086603424414058
2525X,4.309161311811593,52.063588199726972
2512E,4.3059091102516733,52.073519802809777
2571D,4.2897042948819726,52.074732708855016
2525Z,4.299640520214016,52.060024670723649
2582V,4.274060865138237,52.089487570466794
2524R,4.3105689539161753,52.051841619876569
2565B,4.255852089602735,52.074708948540334
2286V,4.3144071460031945,52.026582396821219
2573X,4.2847879095818566,52.065825244741575
2573J,4.2835734511339947,52.0677395677379
2582S,4.2760052146565108,52.096111293014069
2522L,4.3221078031495184,52.05791981475916
2273W,4.3564076096263955,52.078717342003713
2543G,4.2563434890462792,52.035384536041754
2543S,4.26585712564811,52.040362202984944
2563G,4.27324522685426,52.070209282037723
2581R,4.2696960866752649,52.094009457923661
2572R,4.2975543867247135,52.064057328701594
2573R,4.2797888154847286,52.066856780734234
2284E,4.3143892273506239,52.0390220334264
2597N,4.3045817348585995,52.106543457558814
2515H,4.3126312896006471,52.069353264249536
2548P,4.2902925347154852,52.028281369079423
2271T,4.370969973910408,52.07488575679097
2531N,4.306880525271497,52.049313506904582
2564L,4.25890677151244,52.066697362755633
2281S,4.339367706620469,52.059199714524716
2285K,4.2958248373789667,52.03785195955615
2548J,4.2824952188157583,52.03144455119439
2565S,4.2579750396807361,52.075126134565124
2286S,4.3114197051917564,52.029989181277308
2562X,4.27877828695028,52.073628504337137
2546B,4.2739962337186022,52.059117864304504
2553L,4.23662802987268,52.047875635003926
2596R,4.3156387806874834,52.095831740640691
2546C,4.2734697606840761,52.05665957114018
2525B,4.2992635095398892,52.067404296022289
2573D,4.2889964489492058,52.061548026311655
2284X,4.3197824833329452,52.037439790374933
2271B,4.3692682360544906,52.071939388697686
2552R,4.2399436301037641,52.05027288719878
2566R,4.2465463327623567,52.0757889100441
2273L,4.3594612073667607,52.075668340755151
2291W,4.2723305339019193,52.032149798778086
2555E,4.2387296069445215,52.067107588639033
2591S,4.3659102534821184,52.098400594639592
2284D,4.3151337883970786,52.037129261314767
2574B,4.2770404531011286,52.061708266625381
2596V,4.3254133220987461,52.092357433779426
2582X,4.2745559041872543,52.088975984170027
2573W,4.289886943678523,52.061112502282754
2524H,4.312932030478791,52.053449429613146
2284T,4.3089968407013286,52.045248991303964
2566X,4.2585071560392107,52.080995235406604
2564K,4.2657335763190076,52.069873042469091
2553B,4.2300729211844716,52.055862905203405
2533J,4.2938396078301233,52.050878113236827
2548R,4.2913343989784973,52.024982025072354
2267B,4.357030146917106,52.058582045766016
2593C,4.3416373260557588,52.0830205410417
2282X,4.3378238462381979,52.050435655155987
2517B,4.2860996580629163,52.079905935043151
2273B,4.3664923867455139,52.077430642121556
2593H,4.3485734662304978,52.0837922055265
2525S,4.3030062451127824,52.064485764633
2548A,4.2866334941747173,52.034107622281113
2544G,4.2596558941816625,52.042574664088747
2593E,4.3396754822398034,52.086368075390425
2525P,4.2977769354758095,52.068833094537894
2548H,4.2863828718755741,52.029936345981795
2515B,4.320727668732653,52.070862238889795
2553S,4.2289224539969545,52.054046559538314
2585X,4.3085003810974305,52.091257698790656
2552M,4.2532894135351391,52.054357772047219
2597E,4.3205271666811207,52.100850475679664
2283Z,4.3204892085718321,52.040897522728031
2596A,4.3178286327969433,52.087205516332219
2563X,4.2727624891366291,52.073395799219632
2565G,4.2655243639638316,52.079061035001615
2285H,4.3016277106734364,52.034787730649889
2541H,4.277935375468517,52.042452705949231
2531P,4.30345074505261,52.049210216537439
2261C,4.3789212964675359,52.093327729274577
2526D,4.3130676487906445,52.067301577535886
2515R,4.3217298662380328,52.071575800318122
2271R,4.3764978834936779,52.075732291346718
2562E,4.2837815914218336,52.074163844467073
2548V,4.2995641863938756,52.020520225926305
2522A,4.3282633074118255,52.063141487886575
2511E,4.3192245806799594,52.079835420718112
2292D,4.2912733758619082,52.019515400219767
2551R,4.234498407889185,52.0562126989183
2555X,4.2500862194280371,52.063303454643041
2548G,4.2868327780532383,52.03395304753154
2516V,4.33706425967911,52.062722337753215
2516T,4.33509837653502,52.063934936687083
2581V,4.268818802986714,52.090605988964256
2544S,4.2509177658926465,52.041682677027637
2531R,4.3070524011882423,52.050601818787449
2574H,4.2778704100654066,52.06695475904985
2551C,4.2284213277922653,52.059533630305452
2523C,4.3176686777615343,52.057105516002594
2583M,4.2554034344440153,52.087737745677188
2592S,4.3554582677000786,52.094154697879382
2542J,4.2580664566045057,52.038550447022971
2531H,4.3044358887722014,52.050542810279751
2512J,4.2980217929646871,52.0718367635561
2572W,4.293014305289935,52.064116044521683
2266N,4.4064588933625615,52.083071488460966
2548N,4.2927480505840849,52.0342040655323
2561R,4.2774166829455691,52.070184223372422
2283H,4.3230397709068962,52.039516970634985
2281V,4.3424666668143557,52.055471198672258
2274P,4.3430331454745446,52.076094672403762
2514B,4.3140837700917505,52.085206608333415
2282P,4.3338594301512883,52.057599413205288
2595S,4.3390228337022778,52.081596640962246
2518L,4.2925867255566246,52.074871070415867
2283S,4.318609822262875,52.045752362059893
2542X,4.2598687986763766,52.033424692170193
2561T,4.2797711101377134,52.076568762599734
2593R,4.3413762043380242,52.088369267713816
2565W,4.2644143618731887,52.0778301069086
2524V,4.3104071033869049,52.053735933992208
2516A,4.342795751301832,52.068236273155414
2565K,4.2717412880449412,52.078173261069892
2548S,4.2949960153895219,52.026434749768711
2551B,4.2267534610558943,52.059122620817604
2274H,4.3607673314619069,52.072106637895459
2541V,4.2777087581246542,52.051441806170452
2592T,4.3542960127055359,52.092003203973448
2518D,4.3020015749950788,52.0861741381564
2553X,4.2308795104493964,52.053815442599621
2286T,4.312303559634711,52.028976354265112
2532R,4.2950208171965585,52.04849899292801
2594N,4.3237520198297332,52.085423507517547
2587G,4.2932414146650428,52.110066948483762
2525V,4.30731341142843,52.063136666432179
2266C,4.3983546195544525,52.076805953168
2283C,4.31779691885623,52.042194842780965
2574P,4.27436811837092,52.065165262455992
2594X,4.3652799644720117,52.091597369681921
2572J,4.2957547210451628,52.06375723374083
2286R,4.3098565210449893,52.02934500199715
2597H,4.3211273764170377,52.104743612176676
2571E,4.2879865587870034,52.065186805110805
2272N,4.3729810226849377,52.0885877753933
2532X,4.2929679435384775,52.044518899954355
2555V,4.2447245862022545,52.0650204000037
2495A,4.3590097685375042,52.055166650744518
2262B,4.3866154483098336,52.091834690291989
2545H,4.282731473492464,52.043686111590148
2561S,4.2776609761621547,52.071391404150177
2522V,4.3242876314554444,52.058417602900569
2512Z,4.3082673830125833,52.071630841606925
2521B,4.3181991422586483,52.064257708848245
2595W,4.3308877777698305,52.0797797393793
2525J,4.3003358174938366,52.060846266636467
2286N,4.3036182135224639,52.027385777973009
2542K,4.2631236158714971,52.036439265966919
2541S,4.2794922611274071,52.044559071672175
2546A,4.2757762206539871,52.057775455055484
2541G,4.2671645366076723,52.040429644550969
2516P,4.3324988158728637,52.066605073067535
2526B,4.3121035955905258,52.067533486369541
2584H,4.2785389790250594,52.103888077051131
2514E,4.3113590878698451,52.082000531683676
2525H,4.2979513999005681,52.06148029383175
2521X,4.32141098621978,52.061584042963631
2555Z,4.2551774469471919,52.062983503848962
2552C,4.2402320695949127,52.052769304214429
2566D,4.2445466504394,52.078815250778959
2515T,4.3255162720962232,52.075226071237253
2545S,4.2721874200251007,52.047420381178647
2597A,4.3175142997226672,52.109315597919682
2517T,4.2800611848937438,52.083684158144656
2555W,4.2396502812956092,52.064267508366967
2584E,4.2832627652592867,52.1038895115914
2523E,4.3170140671326065,52.056230331705379
2543A,4.2641223500845626,52.043463437389349
2521E,4.3233471159486445,52.06639190060725
2515C,4.32132197126637,52.070382032414422
2585A,4.3062934694550732,52.0882869934522
2564R,4.2565068886135391,52.066173524450733
2273R,4.3492795051239233,52.081147037451544
2585D,4.3030587117838275,52.089093613755004
2564T,4.256968901131633,52.069422518750137
2542R,4.2769080641194686,52.038209010393992
2273A,4.3692531753154027,52.078274661334973
2595R,4.3390258772987877,52.08169414210559
2273E,4.359138519019699,52.078581989213554
2587E,4.2911612774477081,52.1102061285684
2544R,4.2501512502387042,52.039944884451515
2565D,4.2625438738122252,52.078921813631851
2545W,4.2700758570614639,52.050953315336052
2286M,4.3155625577333359,52.023356492672725
2274K,4.355310474862466,52.072715926426767
2573B,4.2838261550973664,52.063440511465181
2555M,4.228735907879682,52.065098611100822
2571W,4.2902152835429552,52.071231750568764
2274X,4.3576703536380119,52.0737574009147
2517L,4.28190641555539,52.0910701492733
2265Z,4.395863772589685,52.080988987894855
2262H,4.3847994433469051,52.091966739818446
2271V,4.36548506682203,52.072248455877805
2522T,4.3275470917154495,52.057779228753489
2581B,4.2704995595155388,52.0943170539192
2572X,4.292023724638379,52.065103491077551
2571T,4.2875946052506109,52.069265621702463
2565A,4.2483104744934783,52.07243008996133
2525T,4.3051839056184429,52.063096259928287
2551S,4.2338286624449779,52.05632936407558
2545C,4.265945149940932,52.056412653014846
2517C,4.2806415691855131,52.081497772051627
2594B,4.3459713390396519,52.095921335112074
2574E,4.28579238184711,52.060875380982694
2272Z,4.3813121282630485,52.085066401240347
2282N,4.3286009825644918,52.053565700264684
2563E,4.2751362827788295,52.070987163373587
2583T,4.27219612261236,52.097886255235984
2572V,4.2926933250928005,52.065412631021495
2552J,4.2422786522037983,52.049600630444282
2541C,4.2835443035641552,52.046098002751386
2513D,4.2992478425535969,52.077911883818757
2533E,4.2932621955120656,52.0527808043054
2563B,4.269706985673321,52.075598440951815
2521A,4.314873476374621,52.062359238203669
2593T,4.3420461473591834,52.086976196237934
2587H,4.2929653160371872,52.110549222227817
2291N,4.2799495527058928,52.017596949679515
2533L,4.2961284911878161,52.052466175877704
2511L,4.3215725276182271,52.0767652575771
2521Z,4.3206266910605819,52.0626339467007
2285D,4.2966394000897559,52.033134276321256
2562R,4.2822535589114752,52.073074253699886
2526J,4.3012793421356239,52.068310935734161
2515P,4.3181363629156264,52.070987413421193
2285G,4.3006184858777683,52.035631589906693
2274R,4.3406428207386254,52.0750719722841
2594A,4.3317829008739572,52.087498368596769
2274N,4.3424924346692571,52.077098579882232
2286G,4.3153316235037389,52.029881763860161
2563Z,4.2741494109334521,52.075944134505868
2271X,4.3609363465133093,52.069544511074739
2513X,4.2971942339902,52.07525489302391
2271H,4.3783942698602756,52.077282447957835
2266A,4.3980756232379026,52.078774073343126
2532D,4.2968745115800262,52.045912123492364
2565R,4.2536112346889485,52.073445522553456
2543B,4.2614702252287513,52.040811748221337
2551Z,4.2440168390262007,52.059340457785495
2291B,4.274804779527428,52.022939713828734
2552W,4.2478836826277586,52.055449583138554
2532A,4.292577249225336,52.043789041919375
2515V,4.3285656021432368,52.07487090591254
2547J,4.2649759512550647,52.061596772675237
2264D,4.38962931896904,52.08333759477371
2571P,4.29474830181028,52.068282465084756
2275V,4.3443086173300784,52.061213785559111
2592H,4.359218305460236,52.09438966698368
2526P,4.3040564999251441,52.069799516086043
2566C,4.2407523132103266,52.074895260007388
2517P,4.2754169470329657,52.081486274712539
2555K,4.22998712642135,52.059547254329452
2292B,4.2876221202073319,52.021073974674465
2272S,4.3783029072469049,52.080495321275492
2286H,4.3182109018215629,52.030344746015338
2552G,4.2561968471133724,52.060679907880044
2546R,4.2688763049021157,52.057060401021566
2572P,4.2939788811258914,52.063181868317855
2287V,4.322892320862973,52.030730327898787
2495B,4.3571103048518385,52.053965448786826
2573H,4.2841770565882236,52.068089068564689
2532T,4.298849904804138,52.0474420162626
2512K,4.3006695766949585,52.0750282234198
2518J,4.2887562313321146,52.081553158359462
2582K,4.2760677808588543,52.093859249263616
2563J,4.2677523545608169,52.076764540240994
2564E,4.2520438851115623,52.06681246548208
2563H,4.2700164983024,52.072922994362351
2541E,4.2771794404472541,52.044034643546816
2525E,4.2991523195812515,52.065914747340493
2544T,4.2556265233455672,52.043706226031389
2512G,4.3045816780573336,52.0749621500777
2585T,4.3005207103463032,52.091253550729853
2552N,4.2567267798100952,52.058698730204135
2522D,4.3307615611480763,52.058542098657853
2591E,4.36860798354662,52.096388971137564
2285A,4.3032322916513239,52.038345106351336
2597L,4.2961248921197059,52.102608925573684
2512H,4.3004914502841842,52.07448628578112
2285V,4.311488042577496,52.034742006416458
2273X,4.3580189891932557,52.080286199575944
2526A,4.309641409873314,52.064777704768929
2526V,4.3102081440237949,52.067487095570357
2571A,4.2862967799884384,52.071620310067949
2284A,4.3106059811159856,52.041091980371128
2526N,4.3042361868108676,52.068223846147262
2271D,4.3664754980568983,52.067596000618742
2523G,4.318135505924368,52.057024390940811
2513A,4.3108064083571058,52.079409139879147
2515G,4.3122530993372488,52.068689388798091
2551M,4.2433191566393349,52.062576028209214
2562T,4.2793709828434983,52.071615151945743
2564V,4.2578122531854783,52.069165807402783
2281C,4.3420868050448833,52.058064310201289
2552L,4.2487804179947579,52.051737673055712
2581A,4.2717199156437076,52.090285100512467
2522E,4.3299415864295545,52.060475912578326
2513V,4.3027055450684442,52.077384587457431
2515X,4.3256233172901384,52.077707812086182
2516J,4.333603306909942,52.063420422820784
2283J,4.3298488536494313,52.045900862306311
2564X,4.2583329704102146,52.069891527419642
2554H,4.2346913586667325,52.071444465258935
2545R,4.2746148938350572,52.047681682041308
2283K,4.3306387759541556,52.045125711452748
2542G,4.2664316983687058,52.034784653777756
2592V,4.3507818483853278,52.091094803663054
2272D,4.38037066152095,52.081920786105862
2264Z,4.3889034124159014,52.086119626011183
2547G,4.2732776227659865,52.064093869114963
2273J,4.3576706203010014,52.079118728802911
2595X,4.3305411363540385,52.078185685028117
2531X,4.2976410477744613,52.056485016657618
2551W,4.23765568241887,52.057278761719623
2583P,4.2568477341500008,52.090126901112164
2573T,4.2848103628631211,52.06307465358627
2546S,4.2710523192117282,52.05786573596545
2545L,4.2746448726897475,52.047305521265834
2555J,4.236540093013768,52.062819309503233
2545V,4.2684579380632055,52.050044559337564
2522C,4.3305992743129931,52.061989431592465
2541J,4.2763788550324477,52.042799343362134
2513T,4.3015521969994905,52.077812127163838
2593A,4.3348322353936686,52.085329510935509
2272B,4.37763532344714,52.083144569798257
2522K,4.327245934653229,52.061051404284171
2548B,4.2898881283511949,52.026656478904357
2563T,4.2693831747599074,52.071627208524127
2292C,4.2873904598087149,52.018072588251513
2523B,4.324626618235146,52.05960182331966
2514A,4.3104882816868511,52.090949472562031
2591J,4.3615986436152037,52.099318266490364
2511C,4.3158950761903556,52.079405468021349
2267A,4.3554140297890838,52.060282723479077
2517A,4.2936132807289393,52.08441209931528
2591V,4.3662467281147457,52.091378962810204
2566S,4.249544733930108,52.078431490680842
2516Z,4.3341093946708833,52.075425219933834
2592A,4.3481089367371792,52.090682780615232
2565P,4.2530904158732845,52.071225668082455
2595E,4.331681705250408,52.083915163365369
2265W,4.3980098869982642,52.082955537752404
2566J,4.2637109918102993,52.083703383008839
2521P,4.3287647827258882,52.0671699432858
2523K,4.3201424166891993,52.053505241404146
2511P,4.3105529084933139,52.076807741720415
2272J,4.3770941009249427,52.07975311321848
2533C,4.293278599837044,52.04872764850284
2282B,4.3336442277667642,52.055936435990859
2531E,4.299515137868041,52.053400131420055
2533X,4.2868140398598786,52.047505342872405
2572S,4.2958283888296087,52.063549152320192
2285J,4.3008362463709862,52.03252768470346
2513C,4.3025491914167526,52.080393624573667
2551G,4.2343406911265831,52.06065913111518
2573S,4.2852208203978144,52.063855767324846
2512B,4.3133203852275521,52.074313596340495
2514C,4.3117482566900707,52.08418041976114
2291K,4.2737228076410885,52.02084434804393
2265X,4.3961330091414359,52.081926036370149
2284H,4.3158420802134394,52.041149229342196
2285X,4.3071901271287816,52.033278676520474
2548Z,4.2957432150495434,52.01739087146
2525K,4.3056417817355053,52.059552931221724
2547B,4.26802061129377,52.058170500686927
2571S,4.2879272002325743,52.06766761628969
2522N,4.3278589551400479,52.06486758811301
2547H,4.259056196373689,52.055586936664135
2572G,4.2929461651644223,52.065083742151927
2516E,4.3267475925675054,52.068659541693933
2515N,4.3169262621211724,52.07255925430956
2562S,4.2806962888912405,52.0727983971028
2522B,4.3314296575483571,52.062050953471221
2597T,4.3251868907448614,52.103951687599476
2562H,4.2779794417298111,52.074087286668934
2541D,4.277538296691378,52.045724276062742
2595C,4.3387634679225613,52.083377397567766
2574X,4.2748246921777815,52.0663236083217
2533A,4.2786518680779935,52.053636015228619
2264V,4.39273566317336,52.088364795299874
2544V,4.2599574836702452,52.045467360305118
2272C,4.3704180321576462,52.085862565879722
2542E,4.2673868627350773,52.035866887978251
2281G,4.34205977791881,52.056313151781893
2548T,4.2933891787534062,52.022400843008491
2518E,4.2958342497663153,52.083362276257368
2591G,4.3639550777159579,52.096348084313121
2265B,4.39264045571669,52.080065160224862
2595V,4.332346648690157,52.077717813957634
2585W,4.3052283081802392,52.095359079466625
2274A,4.350288433472457,52.070741187444376
2553J,4.2387309558552557,52.046288746105269
2592C,4.3525786046315691,52.089122054320406
2561B,4.2754535984808513,52.076154092550389
2517S,4.2773571741487633,52.0852905968297
2596H,4.3149465699788987,52.094285787128683
2287R,4.317908137720802,52.032803238928111
2282T,4.3333692562168658,52.051101828361496
2593V,4.3446780704864576,52.0841169798931
2591X,4.362261682832548,52.089454848139546
2585V,4.3049362570566716,52.093157347548889
2582G,4.2741453685796849,52.09390818307255
2544K,4.2582850800114649,52.04414891234758
2526T,4.3075262219502006,52.069737028549426
2512T,4.2953610760443972,52.072300623806207
2516X,4.338636975542701,52.060959520884865
2288E,4.3334168744412445,52.040498300551604
2283N,4.3250066720989775,52.041975373229988
2544D,4.2516685763774547,52.0493536166053
2547T,4.2701918593370145,52.06417975263038
2265E,4.4016204803631425,52.084948145256966
2285S,4.3015847740676136,52.041314947345441
2574K,4.2728085236245912,52.065250138051333
2555L,4.235414662475363,52.063674401422261
2515A,4.3262198532672516,52.074754523671558
2272G,4.3694936178401287,52.087236135211327
2517K,4.2905059893935293,52.089703018867077
2264B,4.396405959971565,52.08611447700499
2282A,4.33880553872991,52.054401011188553
2516K,4.3316038443736069,52.065088100324886
2542N,4.2597545365231069,52.033129320584273
2596B,4.3262219318039641,52.090829157681931
2516S,4.3355708017369192,52.064897949842916
2574S,4.2776152856133143,52.063294696536829
2563C,4.2755341721681006,52.073976337703044
2597B,4.3101434467487563,52.105283496172049
2564B,4.2540014960724886,52.06448008794203
2274T,4.345012321647939,52.073653561537789
2551X,4.2431610920630138,52.05778452630512
2515S,4.3225210114501964,52.074235462827268
2566K,4.2497167030511349,52.076200312758843
2592G,4.3565401841843743,52.095158039428561
2587X,4.2982872963052774,52.1095199508453
2513E,4.2995954932066214,52.079003139235077
2524J,4.3127896314429046,52.052750003801584
2518X,4.29746787857016,52.082762782639023
2552E,4.2447720245833809,52.055952063122284
2283T,4.3214251502769043,52.049275003752008
2291D,4.2745325897703745,52.028703639641094
2544L,4.25190487859459,52.035118396441504
2583J,4.2606667196557142,52.090776959846707
2546E,4.2711616835708055,52.05805387233616
2517E,4.2820677585224267,52.083765448822355
2524L,4.3130873640134393,52.053326494236195
2512A,4.3150812032817418,52.075418653537042
2548E,4.2777405142198859,52.035616188422367
2514H,4.3071805420139642,52.083807074552169
2555G,4.23779955325978,52.06724653519818
2286A,4.3064965161166473,52.028110827366731
2524T,4.3113786055583256,52.05057204811213
2572N,4.2958296958819941,52.061504563121325
2552A,4.2347212198302575,52.052300277560292
2283G,4.32401295157043,52.042986300035764
2511B,4.3141520687961288,52.076642559915946
2512S,4.2950116046236282,52.071195264803492
2274B,4.3444970692892833,52.074793973424384
2565Z,4.2721428789887188,52.080377189500524
2526G,4.3047675991689616,52.066503480525192
2565H,4.2673307459581888,52.079374421363184
2275E,4.3501238496253958,52.063304356933045
2275B,4.352081410588152,52.064058755387556
2522M,4.3251838545373849,52.0591628227073
2513P,4.2964978249402268,52.076285548009821
2597V,4.3308550350204076,52.09825489281765
2597X,4.3344505025233087,52.096255944516571
2592R,4.35812768178296,52.097381473726095
2262A,4.3820564443433891,52.088608380052641
2597R,4.3177415002326311,52.101817623624477
2581S,4.26957675460768,52.093288414136211
2546V,4.2755682886422646,52.059694198023251
2523A,4.3190388067028316,52.058031296556138
2555S,4.2373064211271192,52.063858013876469
2584G,4.2812976071795257,52.10468898071727
2545N,4.2788951402638968,52.047890214935265
2597G,4.328596901771304,52.105800519228886
2572T,4.2934483861149975,52.064232558274583
2281X,4.3446229423874767,52.055285648964954
2565X,4.2675928564758552,52.076863087917346
2271G,4.372215486615783,52.0762761277439
2532C,4.3039298735911169,52.052747663733314
2551J,4.2380193861371627,52.056828525609077
2516W,4.3348426107306635,52.0637088365683
2591T,4.3683760447933073,52.092072652905493
2551H,4.2344203424058584,52.060966459730295
2593G,4.3434529233285764,52.085711446085583
2281T,4.339382610844126,52.06029538998115
2562A,4.2808353172028255,52.0745043812609
2573E,4.28799108694769,52.064254365531013
2564S,4.2524081035617218,52.066736153959333
2525A,4.2990544764195375,52.068736185040954
2571B,4.2853058251892033,52.071269259585108
2286B,4.3115356261716293,52.028269213118669
2518P,4.2933274004286259,52.075962192800795
2542H,4.2675663776483752,52.034966978900549
2541B,4.2739126795451616,52.051938448028565
2523H,4.3213583581627093,52.056336758582745
2585G,4.3056803744913541,52.090917707696235
2571C,4.2689918609605488,52.065844902077465
2287X,4.3213981942079389,52.030906924105423
2273V,4.355257147723048,52.079219996267959
2526H,4.3032473183792685,52.0685903875399
2573C,4.284498693544232,52.06216697196583
2526E,4.308788711635918,52.06699434371793
2555D,4.2364260290027991,52.068898039183551
2515D,4.325164038711347,52.077106309500515
2572C,4.2908267776962132,52.06676994936899
2551T,4.2366560068682162,52.054626271198472
2262X,4.3868941736139631,52.090362511333986
2545D,4.270421786198761,52.044756370097815
2531A,4.2996859713522131,52.057275255433467
2545G,4.2752874506357674,52.049237714598192
2574A,4.2717244126559466,52.06462028011277
2272X,4.3748255848489626,52.082064454229005
2526K,4.3083167530109492,52.070273942761304
2587A,4.2947996254381611,52.106561083550609
2531C,4.2983246129023058,52.055826261630621
2541A,4.2735262986574538,52.052771709936273
2541T,4.2793354087281958,52.046477656586887
2275A,4.358516342565121,52.064502008910317
2551N,4.2388273986659648,52.059862065614844
2566E,4.2574363302571943,52.084977856218146
2512X,4.30539105848889,52.071921974863969
2585E,4.30464694084039,52.09160247778992
2511A,4.3104740824737133,52.07751642671623
2516L,4.32778297542434,52.07011372220699
2543T,4.2636816685394239,52.0398453631054
2553H,4.2328153420382728,52.048625310382668
2594C,4.3598786917793193,52.100383124333213
2582R,4.2807033909723513,52.095876472752529
2582C,4.2768216442134266,52.090355836623765
2574T,4.2787715438119864,52.063818345518335
2272V,4.3759112115386625,52.086098669208269
2525R,4.3020866500890564,52.067826102100284
2565L,4.2728933377928193,52.080198682718972
2531J,4.3013423220862608,52.047460732447817
2282G,4.3358281098476059,52.051535607724531
2289D,4.3481249001667335,52.049917833575137
2551P,4.2348670977909251,52.057159134140406
2272W,4.3816570688313794,52.082331973188495
2565J,4.268377040815734,52.077610516361645
2291A,4.2835869950726186,52.026267876293595
2582N,4.2803185685426142,52.097211693323914
2264A,4.3897174716921832,52.082956237479273
2552P,4.2599712093114661,52.058492177108448
2244V,4.3327572198501807,52.099640370346648
2565C,4.2612833188911257,52.075841567765586
2542V,4.2662641092847666,52.037011527835872
2273C,4.3616763206881917,52.078440672226456
2514L,4.3107993596587137,52.087595950608517
2561A,4.2790614137949916,52.07802493318728
2591H,4.3632948558121845,52.0974871947183
2533S,4.286447739236019,52.055391360446784
2544H,4.26058623870042,52.045798464666909
2524N,4.3133648419931143,52.053003837390932
2573N,4.2807428413384381,52.068273434617844
2552H,4.2480289032973468,52.053543224904729
2573K,4.2842095437157646,52.066519843562233
2596G,4.3249794598882723,52.091932654531895
2265V,4.3994973694022326,52.082802332774349
2262G,4.38730849624125,52.093013059436068
2515L,4.3151805619125083,52.071776587671671
2596X,4.320528123012684,52.091990287680538
2525W,4.3006543903369607,52.058264927320309
2262C,4.3870000997168566,52.089407020145316
2517G,4.2854114604341218,52.083824913821118
2286C,4.30763874797346,52.027938519333858
2592X,4.3540772815472666,52.087338170988694
2274C,4.3451726029749205,52.077081103775733
2592B,4.3512293529192547,52.087831614011151
2283E,4.3209944456398466,52.040400450384134
2264W,4.3932057638590853,52.084492370144048
2522H,4.3261023848805786,52.058890600294284
2584T,4.2759126297051395,52.10256030868095
2518T,4.2893925837138145,52.079953202084624
2595T,4.334526649804709,52.080520199072907
2282S,4.3306111178424258,52.053261421833874
2533H,4.2906964926383813,52.048701808531113
2282C,4.3371334952882847,52.0532538999327
2551E,4.2304111213735363,52.0573938748174
2593X,4.3429944498751851,52.084053457179472
2531S,4.3068285087036839,52.056691231186868
2264X,4.3904785146445855,52.084892721933819
2547C,4.2662578070527424,52.062222962879993
2596E,4.3245638081903053,52.093118684197428
2547A,4.2699077196970583,52.05992342031594
2515M,4.318801607160208,52.071049466536294
2514G,4.3055915908618481,52.081780311554155
2533G,4.2890495167872924,52.0481007673737
2285B,4.3034220169547019,52.038189080117419
2585Z,4.3069309081378568,52.092321820853421
2281E,4.340778986057531,52.056880896192752
2571R,4.2895670214392547,52.068762592207207
2564H,4.2637803735561937,52.071442824184807
2521D,4.3230929504605022,52.066747289106878
2526R,4.3059338913093832,52.06863758462066
2593B,4.33994288326768,52.082775005484244
2273T,4.3515864724899789,52.080644013718455
2572E,4.2957551945236183,52.064888120243225
2566T,4.2514911472868748,52.080086867178942
2512C,4.3103906202226714,52.073861234740839
2285T,4.3067899447144384,52.037102729853039
2545E,4.2650589650663013,52.053881965679246
2565M,4.2720207202958518,52.079950681338062
2511V,4.3204756657355672,52.079665302835224
2514K,4.3090018104666861,52.08730733524483
2526M,4.3066814642625681,52.067929550992837
2545A,4.2630823645563707,52.05303776747698
2551A,4.2284545989075708,52.061415793513163
2525G,4.3015063915294629,52.06539557283277
2521V,4.314774184373217,52.060143457915466
2571G,4.2893527604961283,52.06435037065885
2553C,4.2341458663324767,52.05368933303906
2516H,4.33191740298788,52.063208142105466
2547E,4.262604882584041,52.057322528270888
2524C,4.3168886017499268,52.053545175950845
2513R,4.2963196161998169,52.078842650021947
2518R,4.2913317216856459,52.077418586110241
2551K,4.2314762132043695,52.059086231792371
2573L,4.2821028955414642,52.067675829259684
2522P,4.32717781022122,52.064012530004256
2582T,4.2756193911631293,52.091189729566914
2541P,4.2802945310090639,52.042832065146911
2563V,4.2685721768771288,52.07393425609385
2584C,4.2854536622631185,52.102437665265576
2524P,4.3120500891657256,52.052748765756917
2518G,4.2936678818124543,52.082250294300891
2274J,4.3558118637173049,52.074626409347253
2565E,4.2644563389167365,52.077549144266122
2282V,4.3334744348760585,52.051123629395761
2531G,4.3042245317850485,52.050399968610172
2522W,4.3225971955799363,52.060749218197834
2524K,4.31348954169111,52.051832992973779
2273S,4.3505851157406168,52.080232296634776
2593Z,4.3399240713717191,52.08664833443445
2572H,4.2947246936279,52.063495380617226
2283A,4.3300623423544051,52.043859994102142
2511D,4.3182930571041718,52.078354643427176
2526C,4.3146527934313958,52.068220452613794
2284J,4.318334114769141,52.036981395777964
2545J,4.2739048172844951,52.050175304686732
2566L,4.2706339752018252,52.083783958794761
2555H,4.2454510489818009,52.0644977444287
2574J,4.2734568837381506,52.066460964550515
2561E,4.274421424859506,52.073547326463462
2526S,4.3067849013186024,52.06961083701777
2596C,4.3196834114475609,52.092999730491741
2552Z,4.2555391408470271,52.056545414478045
2555B,4.2351187219969466,52.06431672168776
2518A,4.3018416394246257,52.084838523229706
2283B,4.3256503439055782,52.041594798486
2597P,4.3127017183860028,52.099990946708431
2573V,4.286513536266046,52.061923972949465
2287C,4.3252164772679631,52.03361895132808
2571X,4.2894459284932838,52.070389951176423
2561V,4.2737985780477379,52.075534826155717
2287A,4.31882234535906,52.035087183489111
2547L,4.2680893284322039,52.063077766709831
2283V,4.3224853663845657,52.041183739200406
2574C,4.2787529874613632,52.061747288641683
2531K,4.2962091945114214,52.044143409185487
2282R,4.3355196526670481,52.054701619001015
2593N,4.3440140480618235,52.089049918630515
2275D,4.3593430852734381,52.06321296357838
2583A,4.2712608162798142,52.097950436302604
2282W,4.3310578162738125,52.052490354983291
2564J,4.2563707089129643,52.068094980049381
2571N,4.2992185725518706,52.064531069613786
2543X,4.2553677955521758,52.037535823995917
2524E,4.3167131983536322,52.0536242538159
2552K,4.2496776876025706,52.055694956245659
2554C,4.2165719024875772,52.056542132461857
2271C,4.3651869806264365,52.067603255068917
2274E,4.3536909356238516,52.07206314392419
2542T,4.272838186203793,52.03874994538188
2566W,4.2555025865181273,52.079361446756238
2547X,4.2693118330863884,52.059905900242839
2552S,4.2529495254921619,52.054933071886637
2291C,4.2721071321439767,52.025161881479754
2552T,4.2447794284123868,52.054347865367028
2582E,4.2744908509924127,52.090717305828477
2596J,4.3131650505185979,52.094813266366906
2546X,4.2775790298785372,52.060741370024886
2283X,4.3246159382993046,52.043247663380221
2515K,4.3156645528874584,52.069268676193
2553K,4.2381865287010294,52.047857653339285
2555T,4.238984249808861,52.06984392984112
2518B,4.2989058969915392,52.084777061953879
2513G,4.2984543877120931,52.080493153990751
2518H,4.293176841195506,52.081871655752309
2551D,4.2293563605003985,52.056460524874872
2563N,4.2652772783422828,52.071196181076317
2585H,4.3003684768634889,52.09266548193235
2542A,4.2719700020061246,52.040121260056772
2564A,4.2540330950473191,52.070402216590274
2291L,4.2755584949945575,52.02008665889953
2542L,4.2623688564248212,52.032169872311883
2532E,4.295099101239563,52.047586689521935
2523X,4.3159621597441822,52.057811500322877
2562C,4.2832829468544276,52.07798232081786
2552D,4.2477142379198636,52.05406573193418
2593S,4.3438151158429923,52.086565039686519
2513B,4.3057812849183925,52.079189203934575
2595A,4.33458474748006,52.0794222475636
2286E,4.309901146144349,52.025200409987242
2287B,4.3206587878731968,52.034897820198914
2275T,4.34834879140805,52.059074438609095
2563R,4.2709936319721988,52.06915298517967
2582A,4.2763766124152562,52.088386911667861
2591A,4.35738526770185,52.0899757790662
2552B,4.2397830767189966,52.052934431349179
2542B,4.2669720592317324,52.038103043133127
2552V,4.2453073641109791,52.054099192178086
2282K,4.3394219831928913,52.046675334323609
2582L,4.2780457193828827,52.094901754872581
2291E,4.2674764805678516,52.03118413255234
2555C,4.2392033062259014,52.06503915711847
2526X,4.3127823044514475,52.065605501631445
2562G,4.2846978765955788,52.077918854173042
2512V,4.30204648256986,52.074334906423076
2291X,4.2806998754400141,52.021908447039962
2571H,4.2894291693844142,52.069174874959593
2533K,4.2949037095681781,52.051615821912478
2516B,4.3381847023031153,52.069243013865531
2511G,4.3198542490109268,52.079400165174505
2544X,4.2587180998236347,52.048565686032909
2584J,4.2777548248825346,52.103444465670684
2265A,4.3966580311437111,52.081582637012239
2562P,4.2814631445314451,52.070788116929378
2526L,4.3083076945188337,52.068042630464255
2566V,4.2561463099353949,52.08132841615722
2572B,4.2894701509127708,52.0662664053064
2581X,4.2685271146507,52.090233225876425
2573P,4.2806082936508432,52.068933898249028
2562J,4.27755122700026,52.073197226902124
2585K,4.308237912434226,52.090929845170571
2512P,4.2954296289960325,52.070744257536759
2591C,4.367556254807031,52.094430006448817
2271A,4.3627885571927374,52.069124525867764
2517R,4.2775004550744438,52.081040581782517
2285L,4.2986245874193116,52.036643991880275
2546T,4.2760228919658942,52.059262380829892
2555R,4.2398914716432134,52.069798213420896
2542C,4.2694137087283561,52.037557138393645
2274S,4.3486390590743,52.073957564178741
2555A,4.2266213749910522,52.063033163231275
2281B,4.3397338572125026,52.059321735531796
2264C,4.3941705855026942,52.08798534944853
2522S,4.3262756357899921,52.061637155037964
2584K,4.28425663104305,52.098293072780955
2265G,4.3987007902568376,52.085424351666333
2262V,4.3910479937231157,52.092914273220046
2284V,4.3168560891551344,52.039228100946538
2566M,4.2645741034327127,52.081075316073921
2545K,4.2711192656277657,52.048110900842225
2551L,4.2414702359498015,52.061778183714587
2291T,4.2685532431951332,52.027107631204892
2524B,4.3178959817953375,52.054244090464429
2533B,4.28411083497434,52.04868227991826
2516C,4.3443724992514525,52.065994433327155
2563K,4.266913087062651,52.069573669263079
2521R,4.3218885437620109,52.06408119431849
2525L,4.3057431660264704,52.061003517643
2516G,4.3272009225773,52.069886594226347
2272H,4.3640553387034924,52.086315756603156
2266K,4.3898123646847438,52.076159260243514
2555P,4.2367343429643674,52.066410702826339
2512R,4.298032047077573,52.069994109252157
2548C,4.2871569938220428,52.031846881159211
2591R,4.3637904842273736,52.099222757095234
2281A,4.3406330277916725,52.055024550170266
2572A,4.28979064330335,52.067063032867857
2518S,4.2886362176603674,52.079545145821143
2272E,4.3665618937512019,52.084067710225682
2547S,4.2666950978730469,52.063383274812495
2521C,4.3149637541952286,52.06313418564671
2272A,4.384725109166836,52.080330549489219
2592E,4.3559278641806154,52.089577903953646
2566G,4.2636339157708569,52.086376007662352
2282L,4.3408322788926812,52.0479166175539
2513H,4.295444912429649,52.079219370469076
2545B,4.27494716712724,52.043847903861973
2545X,4.2671746764670653,52.050071104538361
2281H,4.34377901312392,52.056820757237041
2271S,4.3724445899187154,52.073512533892291
2553V,4.2301694006588084,52.054648872596161
2545T,4.2723299540492636,52.046748787632509
2274G,4.3489817292557129,52.076474779379566
2531B,4.2959161399337775,52.055675835836908
2541X,4.2743323247797216,52.054099884248572
2547D,4.262230289265001,52.057662255179885
2547V,4.26389867397349,52.060782527099768
2523J,4.32002682135432,52.055562530271374
2284B,4.3134299704655126,52.037711507130489
2596P,4.3159828710113386,52.097334216897451
2565N,4.2579224555294068,52.074346058335131
2581T,4.2684480532958844,52.092533679597821
2273K,4.351904440564506,52.079460997809079
2548L,4.2916179044711447,52.036990520703469
2283L,4.3266421503482508,52.043105616279306
2563A,4.2756458180435919,52.078266530021985
2526W,4.3112952341550175,52.065693155988143
2585C,4.3036217922674567,52.0913066157663
2513S,4.2965154090265205,52.077088773951914
2597C,4.3283221476132985,52.100132032060571
2292A,4.2843489456798727,52.019684692936529
2516R,4.3334090960984923,52.066145854109543
2544E,4.2502907093013542,52.046485492331534
2584X,4.2819694929354712,52.103500387851369
2595G,4.3348602440297892,52.084379995552155
2592J,4.3610016073719127,52.094815071218335
2291M,4.2723843371993349,52.019598088533542
2591B,4.3619720187481033,52.092598421390242
2289C,4.3470817360600513,52.047467978987946
2543E,4.2536269222654361,52.036723276918188
2516D,4.339433367781826,52.064090146035383
2515J,4.3140550682777432,52.068949885304718
2524A,4.3165662541870686,52.055494002008736
2574G,4.2812535785383323,52.063521057782424
2543R,4.2663936882301208,52.042893294241374
2511Z,4.321823771972845,52.076889662582275
2533V,4.2895665760062283,52.050265150596459
2566P,4.2444686399172165,52.075583444509775
2521S,4.3221156164611392,52.063071752360059
2595H,4.3366667231212226,52.084886401499389
2273D,4.3635622986183966,52.079364868687009
2566B,4.2430726476499281,52.072068727884393
2517J,4.2846454397949,52.089961776245609
2517V,4.2828830574565773,52.08246316575935
2525C,4.3010835337347011,52.06753684629264
2288D,4.3258312092970144,52.0396405106711
2565V,4.2615603169883,52.0751626487627
2542P,4.2680325043775467,52.035332890071913
2574R,4.2780114120827539,52.062591574861983
2522X,4.3250603084632839,52.06179703884024
2564G,4.2635945361497409,52.068276609480861
2596T,4.3205100373382361,52.097047699035592
2272R,4.3646988537014346,52.087487209272332
2287S,4.3201006535036841,52.031405591531424
2543V,4.2599866071833032,52.039658119535353
2563P,4.2673441774200542,52.070407054394856
2291P,4.2835648773884163,52.01506501980947
2522G,4.32815507013876,52.058478851259004
2287E,4.3216858712406436,52.032509664424815
2531V,4.3016475655570616,52.054858081315892
2542W,4.2618825276762147,52.034060487146753
2545P,4.2800408093579607,52.048702669529177
2273G,4.3621477638583359,52.081280891436265
2544W,4.2579664677854838,52.04675951482583
2518K,4.2906844093162979,52.079173303119561
2573Z,4.28501862084807,52.063898756585232
2532B,4.2979233852515568,52.047121302926321
2275X,4.3530505334711558,52.066003921602686
2514J,4.3064426041106305,52.085143529112791
2533T,4.2937194781248404,52.048676656259133
2553A,4.2249315542358712,52.056868587998977
2552X,4.2502885680038238,52.056060259955544
2517X,4.2863689294586154,52.083633990349441
2524X,4.3122319276239969,52.050601708273227
2282D,4.3391907369322622,52.047861711283041
2597S,4.3323159138584053,52.099685280534182
2596S,4.3211092210460915,52.098418637819805
2547K,4.2668034672413588,52.06219464010271
2593P,4.3461940245911368,52.085877663624551
2522R,4.3306247049510986,52.061062249318354
2515E,4.3142825807318159,52.0661157788041
2291J,4.2833433223560826,52.02321254430921
2287T,4.3232908227962774,52.03356067870871
2562V,4.2820925534147145,52.0754988716928
2512D,4.31072776075884,52.074517301565109
2544A,4.2663347405092775,52.0522103677084
2511W,4.3202706612929225,52.0804973894271
2563S,4.2715641077855029,52.06961778619263
2522J,4.3247756428069586,52.060862623839995
2273H,4.3594474395963729,52.082114301501043
2291R,4.2750245083509428,52.026999325506878
2564C,4.2519742021195173,52.067909164740918
2566N,4.2572515315341439,52.0782541365007
2522Z,4.3238436353105207,52.060610436593336
2518C,4.2969613837949456,52.0811144591753
2573A,4.28024948144537,52.066472449644934
2574V,4.2767756503808112,52.066454855802561
2548M,4.2877320614649923,52.0407783272314
2544C,4.2533843605859252,52.046742023478366